kind,semantic_type,catalog_count,source_examples,review_status,proposed_visual_class,proposed_reader,assembly_rule,independent_test
message,ALL_IN_FRAGMENT,26,D:\Проэкты\V2.0 PD\outputs\chat_only_inventory_smoke11_20260927\chat_event_candidates.csv,CATALOG_ONLY,MIXED,full-message OCR candidate; field reader undecided,Join fragments into a complete message; never post alone,NOT_TESTED
message,ANTE,163,D:\Проэкты\V2.0 PD\outputs\chat_only_inventory_smoke11_20260927\chat_event_candidates.csv,CATALOG_ONLY,MIXED,full-message OCR candidate; field reader undecided,"Link actor, amount role and complete message before hand reducer",NOT_TESTED
message,BACK_IN_GAME,19,D:\Проэкты\V2.0 PD\outputs\chat_only_inventory_smoke11_20260927\chat_event_candidates.csv,CATALOG_ONLY,SYSTEM,full-message OCR candidate; field reader undecided,Preserve service event; no automatic pot change,NOT_TESTED
message,BET,138,D:\Проэкты\V2.0 PD\outputs\chat_only_inventory_smoke11_20260927\chat_event_candidates.csv,CATALOG_ONLY,MIXED,full-message OCR candidate; field reader undecided,"Link actor, amount role and complete message before hand reducer",NOT_TESTED
message,BIG_BLIND,20,D:\Проэкты\V2.0 PD\outputs\chat_only_inventory_smoke11_20260927\chat_event_candidates.csv,CATALOG_ONLY,MIXED,full-message OCR candidate; field reader undecided,"Link actor, amount role and complete message before hand reducer",NOT_TESTED
message,BREAK,2,D:\Проэкты\V2.0 PD\outputs\chat_only_inventory_smoke11_20260927\chat_event_candidates.csv,CATALOG_ONLY,SYSTEM,full-message OCR candidate; field reader undecided,Preserve service event; no automatic pot change,NOT_TESTED
message,CALL,173,D:\Проэкты\V2.0 PD\outputs\chat_only_inventory_smoke11_20260927\chat_event_candidates.csv,CATALOG_ONLY,MIXED,full-message OCR candidate; field reader undecided,"Link actor, amount role and complete message before hand reducer",NOT_TESTED
message,CHECK,159,D:\Проэкты\V2.0 PD\outputs\chat_only_inventory_smoke11_20260927\chat_event_candidates.csv,CATALOG_ONLY,MIXED,full-message OCR candidate; field reader undecided,"Link actor, amount role and complete message before hand reducer",NOT_TESTED
message,COMBINATION_FRAGMENT,67,D:\Проэкты\V2.0 PD\outputs\chat_only_inventory_smoke11_20260927\chat_event_candidates.csv,CATALOG_ONLY,MIXED,full-message OCR candidate; field reader undecided,Join fragments into a complete message; never post alone,NOT_TESTED
message,CONNECTION,12,D:\Проэкты\V2.0 PD\outputs\chat_only_inventory_smoke11_20260927\chat_event_candidates.csv,CATALOG_ONLY,SYSTEM,full-message OCR candidate; field reader undecided,Preserve service event; no automatic pot change,NOT_TESTED
message,DEAL,103,D:\Проэкты\V2.0 PD\outputs\chat_only_inventory_smoke11_20260927\chat_event_candidates.csv,CATALOG_ONLY,SYSTEM,full-message OCR candidate; field reader undecided,Link same-hand headers; require ordered table context,NOT_TESTED
message,FLOP,72,D:\Проэкты\V2.0 PD\outputs\chat_only_inventory_smoke11_20260927\chat_event_candidates.csv,CATALOG_ONLY,SYSTEM,full-message OCR candidate; field reader undecided,Link same-hand headers; require ordered table context,NOT_TESTED
message,FOLD,778,D:\Проэкты\V2.0 PD\outputs\chat_only_inventory_smoke11_20260927\chat_event_candidates.csv,CATALOG_ONLY,MIXED,full-message OCR candidate; field reader undecided,"Link actor, amount role and complete message before hand reducer",NOT_TESTED
message,HAND_HEADER,21,D:\Проэкты\V2.0 PD\outputs\chat_only_inventory_smoke11_20260927\chat_event_candidates.csv,CATALOG_ONLY,SYSTEM,full-message OCR candidate; field reader undecided,Link same-hand headers; require ordered table context,NOT_TESTED
message,HAND_ID,21,D:\Проэкты\V2.0 PD\outputs\chat_only_inventory_smoke11_20260927\chat_event_candidates.csv,CATALOG_ONLY,SYSTEM,full-message OCR candidate; field reader undecided,Link same-hand headers; require ordered table context,NOT_TESTED
message,JOIN_TABLE,15,D:\Проэкты\V2.0 PD\outputs\chat_only_inventory_smoke11_20260927\chat_event_candidates.csv,CATALOG_ONLY,SYSTEM,full-message OCR candidate; field reader undecided,Preserve service event; no automatic pot change,NOT_TESTED
message,LEAVE_TABLE,4,D:\Проэкты\V2.0 PD\outputs\chat_only_inventory_smoke11_20260927\chat_event_candidates.csv,CATALOG_ONLY,SYSTEM,full-message OCR candidate; field reader undecided,Preserve service event; no automatic pot change,NOT_TESTED
message,NEW_HAND,17,D:\Проэкты\V2.0 PD\outputs\chat_only_inventory_smoke11_20260927\chat_event_candidates.csv,CATALOG_ONLY,SYSTEM,full-message OCR candidate; field reader undecided,Link same-hand headers; require ordered table context,NOT_TESTED
message,NO_SHOW,68,D:\Проэкты\V2.0 PD\outputs\chat_only_inventory_smoke11_20260927\chat_event_candidates.csv,CATALOG_ONLY,MIXED,full-message OCR candidate; field reader undecided,"Link actor, amount role and complete message before hand reducer",NOT_TESTED
message,POT_FRAGMENT,71,D:\Проэкты\V2.0 PD\outputs\chat_only_inventory_smoke11_20260927\chat_event_candidates.csv,CATALOG_ONLY,MIXED,full-message OCR candidate; field reader undecided,Join fragments into a complete message; never post alone,NOT_TESTED
message,RAISE,176,D:\Проэкты\V2.0 PD\outputs\chat_only_inventory_smoke11_20260927\chat_event_candidates.csv,CATALOG_ONLY,MIXED,full-message OCR candidate; field reader undecided,"Link actor, amount role and complete message before hand reducer",NOT_TESTED
message,RETURN,68,D:\Проэкты\V2.0 PD\outputs\chat_only_inventory_smoke11_20260927\chat_event_candidates.csv,CATALOG_ONLY,MIXED,full-message OCR candidate; field reader undecided,"Link actor, amount role and complete message before hand reducer",NOT_TESTED
message,RETURN_FRAGMENT,95,D:\Проэкты\V2.0 PD\outputs\chat_only_inventory_smoke11_20260927\chat_event_candidates.csv,CATALOG_ONLY,MIXED,full-message OCR candidate; field reader undecided,Join fragments into a complete message; never post alone,NOT_TESTED
message,RIVER,44,D:\Проэкты\V2.0 PD\outputs\chat_only_inventory_smoke11_20260927\chat_event_candidates.csv,CATALOG_ONLY,SYSTEM,full-message OCR candidate; field reader undecided,Link same-hand headers; require ordered table context,NOT_TESTED
message,SHOW,59,D:\Проэкты\V2.0 PD\outputs\chat_only_inventory_smoke11_20260927\chat_event_candidates.csv,CATALOG_ONLY,MIXED,full-message OCR candidate; field reader undecided,"Link actor, amount role and complete message before hand reducer",NOT_TESTED
message,SIT_OUT,13,D:\Проэкты\V2.0 PD\outputs\chat_only_inventory_smoke11_20260927\chat_event_candidates.csv,CATALOG_ONLY,SYSTEM,full-message OCR candidate; field reader undecided,Preserve service event; no automatic pot change,NOT_TESTED
message,SMALL_BLIND,21,D:\Проэкты\V2.0 PD\outputs\chat_only_inventory_smoke11_20260927\chat_event_candidates.csv,CATALOG_ONLY,MIXED,full-message OCR candidate; field reader undecided,"Link actor, amount role and complete message before hand reducer",NOT_TESTED
message,TEXT_FRAGMENT,421,D:\Проэкты\V2.0 PD\outputs\chat_only_inventory_smoke11_20260927\chat_event_candidates.csv,CATALOG_ONLY,MIXED,full-message OCR candidate; field reader undecided,Join fragments into a complete message; never post alone,NOT_TESTED
message,TIME_RESERVE,24,D:\Проэкты\V2.0 PD\outputs\chat_only_inventory_smoke11_20260927\chat_event_candidates.csv,CATALOG_ONLY,SYSTEM,full-message OCR candidate; field reader undecided,Preserve service event; no automatic pot change,NOT_TESTED
message,TOURNAMENT_NOTICE,30,D:\Проэкты\V2.0 PD\outputs\chat_only_inventory_smoke11_20260927\chat_event_candidates.csv,CATALOG_ONLY,SYSTEM,full-message OCR candidate; field reader undecided,Preserve service event; no automatic pot change,NOT_TESTED
message,TURN,51,D:\Проэкты\V2.0 PD\outputs\chat_only_inventory_smoke11_20260927\chat_event_candidates.csv,CATALOG_ONLY,SYSTEM,full-message OCR candidate; field reader undecided,Link same-hand headers; require ordered table context,NOT_TESTED
message,UNKNOWN_EVENT,646,D:\Проэкты\V2.0 PD\outputs\chat_only_inventory_smoke11_20260927\chat_event_candidates.csv,CATALOG_ONLY,MIXED,full-message OCR candidate; field reader undecided,Join fragments into a complete message; never post alone,NOT_TESTED
message,UNREADABLE,10,D:\Проэкты\V2.0 PD\outputs\chat_only_inventory_smoke11_20260927\chat_event_candidates.csv,CATALOG_ONLY,MIXED,full-message OCR candidate; field reader undecided,Join fragments into a complete message; never post alone,NOT_TESTED
message,WAIT_PLAYER,11,D:\Проэкты\V2.0 PD\outputs\chat_only_inventory_smoke11_20260927\chat_event_candidates.csv,CATALOG_ONLY,SYSTEM,full-message OCR candidate; field reader undecided,Preserve service event; no automatic pot change,NOT_TESTED
message,WIN,102,D:\Проэкты\V2.0 PD\outputs\chat_only_inventory_smoke11_20260927\chat_event_candidates.csv,CATALOG_ONLY,MIXED,full-message OCR candidate; field reader undecided,"Link actor, amount role and complete message before hand reducer",NOT_TESTED
entity,ACTION_PHRASE,1925,D:\Проэкты\V2.0 PD\outputs\chat_entities_smoke11_20260927\chat_entity_mentions.csv,CATALOG_ONLY,TECH,field OCR candidate; engine undecided,Attach span to message; validate semantic role and provenance,NOT_TESTED
entity,ALL_IN_MARKER,22,D:\Проэкты\V2.0 PD\outputs\chat_entities_smoke11_20260927\chat_entity_mentions.csv,CATALOG_ONLY,TECH,field OCR candidate; engine undecided,Attach span to message; validate semantic role and provenance,NOT_TESTED
entity,BLIND_LEVEL,8,D:\Проэкты\V2.0 PD\outputs\chat_entities_smoke11_20260927\chat_entity_mentions.csv,CATALOG_ONLY,VALUE+TECH,field OCR candidate; engine undecided,Attach span to message; validate semantic role and provenance,NOT_TESTED
entity,CARD_TEXT_CANDIDATE,80,D:\Проэкты\V2.0 PD\outputs\chat_entities_smoke11_20260927\chat_entity_mentions.csv,CATALOG_ONLY,CARD_TEXT,field OCR candidate; engine undecided,Attach span to message; validate semantic role and provenance,NOT_TESTED
entity,COMBINATION,66,D:\Проэкты\V2.0 PD\outputs\chat_entities_smoke11_20260927\chat_entity_mentions.csv,CATALOG_ONLY,TECH,field OCR candidate; engine undecided,Attach span to message; validate semantic role and provenance,NOT_TESTED
entity,HAND_NUMBER,42,D:\Проэкты\V2.0 PD\outputs\chat_entities_smoke11_20260927\chat_entity_mentions.csv,CATALOG_ONLY,HAND_NUMBER,field OCR candidate; engine undecided,Attach span to message; validate semantic role and provenance,NOT_TESTED
entity,MONEY_AMOUNT,866,D:\Проэкты\V2.0 PD\outputs\chat_entities_smoke11_20260927\chat_entity_mentions.csv,CATALOG_ONLY,VALUE,field OCR candidate; engine undecided,Attach span to message; validate semantic role and provenance,NOT_TESTED
entity,PLAYER_NICK,2006,D:\Проэкты\V2.0 PD\outputs\chat_entities_smoke11_20260927\chat_entity_mentions.csv,CATALOG_ONLY,NICK,field OCR candidate; engine undecided,Attach span to message; validate semantic role and provenance,NOT_TESTED
entity,POT_REFERENCE,71,D:\Проэкты\V2.0 PD\outputs\chat_entities_smoke11_20260927\chat_entity_mentions.csv,CATALOG_ONLY,TECH,field OCR candidate; engine undecided,Attach span to message; validate semantic role and provenance,NOT_TESTED
entity,STREET,167,D:\Проэкты\V2.0 PD\outputs\chat_entities_smoke11_20260927\chat_entity_mentions.csv,CATALOG_ONLY,TECH,field OCR candidate; engine undecided,Attach span to message; validate semantic role and provenance,NOT_TESTED
entity,SYSTEM_MESSAGE,459,D:\Проэкты\V2.0 PD\outputs\chat_entities_smoke11_20260927\chat_entity_mentions.csv,CATALOG_ONLY,SYSTEM,field OCR candidate; engine undecided,Attach span to message; validate semantic role and provenance,NOT_TESTED
entity,TIME_DURATION,3,D:\Проэкты\V2.0 PD\outputs\chat_entities_smoke11_20260927\chat_entity_mentions.csv,CATALOG_ONLY,VALUE+TECH,field OCR candidate; engine undecided,Attach span to message; validate semantic role and provenance,NOT_TESTED
amount_role,ANTE,,D:\Проэкты\V2.0 PD\outputs\chat_entities_smoke11_20260927\money_amounts.csv,CATALOG_ONLY,VALUE,strict decimal parse after OCR,Use role and unit; FRAGMENT needs assembled message; LEVEL is not a contribution,NOT_TESTED
amount_role,CALL,,D:\Проэкты\V2.0 PD\outputs\chat_entities_smoke11_20260927\money_amounts.csv,CATALOG_ONLY,VALUE,strict decimal parse after OCR,Use role and unit; FRAGMENT needs assembled message; LEVEL is not a contribution,NOT_TESTED
amount_role,RAISE_TO,,D:\Проэкты\V2.0 PD\outputs\chat_entities_smoke11_20260927\money_amounts.csv,CATALOG_ONLY,VALUE,strict decimal parse after OCR,Use role and unit; FRAGMENT needs assembled message; LEVEL is not a contribution,NOT_TESTED
amount_role,BET,,D:\Проэкты\V2.0 PD\outputs\chat_entities_smoke11_20260927\money_amounts.csv,CATALOG_ONLY,VALUE,strict decimal parse after OCR,Use role and unit; FRAGMENT needs assembled message; LEVEL is not a contribution,NOT_TESTED
amount_role,RETURNED_UNCALLED_FRAGMENT,,D:\Проэкты\V2.0 PD\outputs\chat_entities_smoke11_20260927\money_amounts.csv,CATALOG_ONLY,VALUE,strict decimal parse after OCR,Use role and unit; FRAGMENT needs assembled message; LEVEL is not a contribution,NOT_TESTED
amount_role,WIN_PAYOUT,,D:\Проэкты\V2.0 PD\outputs\chat_entities_smoke11_20260927\money_amounts.csv,CATALOG_ONLY,VALUE,strict decimal parse after OCR,Use role and unit; FRAGMENT needs assembled message; LEVEL is not a contribution,NOT_TESTED
amount_role,POT_SHARE_FRAGMENT,,D:\Проэкты\V2.0 PD\outputs\chat_entities_smoke11_20260927\money_amounts.csv,CATALOG_ONLY,VALUE,strict decimal parse after OCR,Use role and unit; FRAGMENT needs assembled message; LEVEL is not a contribution,NOT_TESTED
amount_role,BIG_BLIND,,D:\Проэкты\V2.0 PD\outputs\chat_entities_smoke11_20260927\money_amounts.csv,CATALOG_ONLY,VALUE,strict decimal parse after OCR,Use role and unit; FRAGMENT needs assembled message; LEVEL is not a contribution,NOT_TESTED
amount_role,SMALL_BLIND,,D:\Проэкты\V2.0 PD\outputs\chat_entities_smoke11_20260927\money_amounts.csv,CATALOG_ONLY,VALUE,strict decimal parse after OCR,Use role and unit; FRAGMENT needs assembled message; LEVEL is not a contribution,NOT_TESTED
amount_role,ALL_IN_FRAGMENT,,D:\Проэкты\V2.0 PD\outputs\chat_entities_smoke11_20260927\money_amounts.csv,CATALOG_ONLY,VALUE,strict decimal parse after OCR,Use role and unit; FRAGMENT needs assembled message; LEVEL is not a contribution,NOT_TESTED
amount_role,BOUNTY_RUB,,D:\Проэкты\V2.0 PD\outputs\chat_entities_smoke11_20260927\money_amounts.csv,CATALOG_ONLY,VALUE,strict decimal parse after OCR,Use role and unit; FRAGMENT needs assembled message; LEVEL is not a contribution,NOT_TESTED
amount_role,LEVEL_ANTE,,D:\Проэкты\V2.0 PD\outputs\chat_entities_smoke11_20260927\money_amounts.csv,CATALOG_ONLY,VALUE,strict decimal parse after OCR,Use role and unit; FRAGMENT needs assembled message; LEVEL is not a contribution,NOT_TESTED
amount_role,LEVEL_BIG_BLIND,,D:\Проэкты\V2.0 PD\outputs\chat_entities_smoke11_20260927\money_amounts.csv,CATALOG_ONLY,VALUE,strict decimal parse after OCR,Use role and unit; FRAGMENT needs assembled message; LEVEL is not a contribution,NOT_TESTED
amount_role,LEVEL_SMALL_BLIND,,D:\Проэкты\V2.0 PD\outputs\chat_entities_smoke11_20260927\money_amounts.csv,CATALOG_ONLY,VALUE,strict decimal parse after OCR,Use role and unit; FRAGMENT needs assembled message; LEVEL is not a contribution,NOT_TESTED
